-- CoreAsset ITAM — Seed Data
-- Run this in the Supabase SQL Editor AFTER running migration-manual.sql
-- Uses predetermined UUIDs for foreign key references

-- ============================================
-- 1. Software Catalog (6 entries)
-- ============================================
INSERT INTO "software_catalog" ("id", "software_name", "version", "publisher", "category", "created_at", "updated_at") VALUES
('10000000-0000-0000-0000-000000000001', 'Windows 11 Pro', '23H2', 'Microsoft', 'OS', NOW(), NOW()),
('10000000-0000-0000-0000-000000000002', 'Microsoft 365 Business', '2024', 'Microsoft', 'office', NOW(), NOW()),
('10000000-0000-0000-0000-000000000003', 'Visual Studio Code', '1.95', 'Microsoft', 'development', NOW(), NOW()),
('10000000-0000-0000-0000-000000000004', 'Kaspersky Endpoint Security', '12.6', 'Kaspersky', 'security', NOW(), NOW()),
('10000000-0000-0000-0000-000000000005', 'Slack', '4.40', 'Slack Technologies', 'utility', NOW(), NOW()),
('10000000-0000-0000-0000-000000000006', 'Figma', '2024.3', 'Figma Inc.', 'development', NOW(), NOW());

-- ============================================
-- 2. Licenses (6 entries)
-- ============================================
INSERT INTO "licenses" ("id", "license_key", "concurrency_limit", "purchase_date", "expiry_date", "price", "software_id", "created_at", "updated_at") VALUES
('20000000-0000-0000-0000-000000000001', NULL, 50, '2024-01-15', '2027-01-15', 199.99, '10000000-0000-0000-0000-000000000001', NOW(), NOW()),
('20000000-0000-0000-0000-000000000002', NULL, 30, '2024-03-01', '2025-03-01', 12.50, '10000000-0000-0000-0000-000000000002', NOW(), NOW()),
('20000000-0000-0000-0000-000000000003', NULL, 100, NULL, NULL, 0.00, '10000000-0000-0000-0000-000000000003', NOW(), NOW()),
('20000000-0000-0000-0000-000000000004', NULL, 40, '2024-02-10', '2026-02-10', 45.00, '10000000-0000-0000-0000-000000000004', NOW(), NOW()),
('20000000-0000-0000-0000-000000000005', NULL, 25, '2024-06-01', '2025-06-01', 8.50, '10000000-0000-0000-0000-000000000005', NOW(), NOW()),
('20000000-0000-0000-0000-000000000006', NULL, 5, '2024-04-01', '2025-04-01', 15.00, '10000000-0000-0000-0000-000000000006', NOW(), NOW());

-- ============================================
-- 3. Users (7 entries)
-- ============================================
INSERT INTO "users" ("id", "employee_id", "full_name", "email", "department", "position", "created_at", "updated_at") VALUES
('30000000-0000-0000-0000-000000000001', 'EMP-001', 'Иванов Алексей Петрович', 'ivanov@coreasset.ru', 'ИТ-отдел', 'Системный администратор', NOW(), NOW()),
('30000000-0000-0000-0000-000000000002', 'EMP-002', 'Петрова Мария Сергеевна', 'petrova@coreasset.ru', 'Бухгалтерия', 'Главный бухгалтер', NOW(), NOW()),
('30000000-0000-0000-0000-000000000003', 'EMP-003', 'Сидоров Дмитрий Николаевич', 'sidorov@coreasset.ru', 'Разработка', 'Frontend-разработчик', NOW(), NOW()),
('30000000-0000-0000-0000-000000000004', 'EMP-004', 'Козлова Анна Владимировна', 'kozlova@coreasset.ru', 'Маркетинг', 'UX-дизайнер', NOW(), NOW()),
('30000000-0000-0000-0000-000000000005', 'EMP-005', 'Морозов Игорь Александрович', 'morozov@coreasset.ru', 'Разработка', 'Backend-разработчик', NOW(), NOW()),
('30000000-0000-0000-0000-000000000006', 'EMP-006', 'Новикова Елена Дмитриевна', 'novikova@coreasset.ru', 'HR', 'HR-менеджер', NOW(), NOW()),
('30000000-0000-0000-0000-000000000007', 'EMP-007', 'Волков Сергей Павлович', 'volkov@coreasset.ru', 'ИТ-отдел', 'DevOps-инженер', NOW(), NOW());

-- ============================================
-- 4. Hardware Assets (10 entries)
-- ============================================
INSERT INTO "hardware_assets" ("id", "serial_number", "name", "type", "brand", "model", "lifecycle_state", "purchase_date", "warranty_end_date", "discovery_metadata", "created_at", "updated_at") VALUES
('40000000-0000-0000-0000-000000000001', 'SN-DELL-001', 'Dell OptiPlex 7090', 'desktop', 'Dell', 'OptiPlex 7090 SFF', 'active', '2023-06-15', '2026-06-15', '{"cpu": "Intel i7-11700", "ram": "16GB", "storage": "512GB SSD"}', NOW(), NOW()),
('40000000-0000-0000-0000-000000000002', 'SN-HP-002', 'HP EliteBook 840 G9', 'laptop', 'HP', 'EliteBook 840 G9', 'active', '2023-09-01', '2026-09-01', '{"cpu": "Intel i5-1245U", "ram": "8GB", "storage": "256GB SSD"}', NOW(), NOW()),
('40000000-0000-0000-0000-000000000003', 'SN-LENOVO-003', 'Lenovo ThinkPad T14s', 'laptop', 'Lenovo', 'ThinkPad T14s Gen 3', 'active', '2024-01-10', '2027-01-10', '{"cpu": "AMD Ryzen 7 PRO 5850U", "ram": "16GB", "storage": "512GB SSD"}', NOW(), NOW()),
('40000000-0000-0000-0000-000000000004', 'SN-MAC-004', 'MacBook Pro 14 M3', 'laptop', 'Apple', 'MacBook Pro 14 M3', 'active', '2024-03-20', '2027-03-20', '{"cpu": "Apple M3 Pro", "ram": "18GB", "storage": "512GB SSD"}', NOW(), NOW()),
('40000000-0000-0000-0000-000000000005', 'SN-DELL-005', 'Dell Latitude 5540', 'laptop', 'Dell', 'Latitude 5540', 'in_repair', '2022-11-05', '2025-11-05', '{"cpu": "Intel i5-1335U", "ram": "8GB", "storage": "256GB SSD"}', NOW(), NOW()),
('40000000-0000-0000-0000-000000000006', 'SN-HP-006', 'HP ProDesk 400 G7', 'desktop', 'HP', 'ProDesk 400 G7 SFF', 'active', '2023-03-15', '2026-03-15', '{"cpu": "Intel i3-10100", "ram": "4GB", "storage": "256GB SSD"}', NOW(), NOW()),
('40000000-0000-0000-0000-000000000007', 'SN-LENOVO-007', 'Lenovo IdeaCentre 5', 'desktop', 'Lenovo', 'IdeaCentre 5iA-7', 'in_storage', '2021-08-20', '2024-08-20', '{"cpu": "Intel i5-10400", "ram": "8GB", "storage": "1TB HDD"}', NOW(), NOW()),
('40000000-0000-0000-0000-000000000008', 'SN-SAM-008', 'Samsung 27" Monitor', 'monitor', 'Samsung', 'S27A600U', 'active', '2023-07-01', '2026-07-01', '{"resolution": "2560x1440", "panelType": "IPS"}', NOW(), NOW()),
('40000000-0000-0000-0000-000000000009', 'SN-DELL-009', 'Dell PowerEdge R640', 'server', 'Dell', 'PowerEdge R640', 'active', '2022-01-15', '2025-01-15', '{"cpu": "Intel Xeon Gold 5218", "ram": "64GB", "storage": "2x 1TB SSD RAID1"}', NOW(), NOW()),
('40000000-0000-0000-0000-000000000010', 'SN-HP-010', 'HP LaserJet Pro M404n', 'printer', 'HP', 'LaserJet Pro M404n', 'decommissioned', '2020-05-10', '2023-05-10', '{"type": "laser", "speed": "38ppm"}', NOW(), NOW());

-- ============================================
-- 5. Workplaces (6 entries)
-- ============================================
INSERT INTO "workplaces" ("id", "name", "location", "user_id", "hardware_id", "created_at", "updated_at") VALUES
('50000000-0000-0000-0000-000000000001', 'Рабочее место ИТ-1', 'Кабинет 101, 1 этаж', '30000000-0000-0000-0000-000000000001', '40000000-0000-0000-0000-000000000001', NOW(), NOW()),
('50000000-0000-0000-0000-000000000002', 'Рабочее место Бух-1', 'Кабинет 205, 2 этаж', '30000000-0000-0000-0000-000000000002', '40000000-0000-0000-0000-000000000002', NOW(), NOW()),
('50000000-0000-0000-0000-000000000003', 'Рабочее место Dev-1', 'Open Space A, 3 этаж', '30000000-0000-0000-0000-000000000003', '40000000-0000-0000-0000-000000000003', NOW(), NOW()),
('50000000-0000-0000-0000-000000000004', 'Рабочее место Design-1', 'Open Space B, 3 этаж', '30000000-0000-0000-0000-000000000004', '40000000-0000-0000-0000-000000000004', NOW(), NOW()),
('50000000-0000-0000-0000-000000000005', 'Рабочее место Dev-2', 'Open Space A, 3 этаж', '30000000-0000-0000-0000-000000000005', '40000000-0000-0000-0000-000000000006', NOW(), NOW()),
('50000000-0000-0000-0000-000000000006', 'Рабочее место HR-1', 'Кабинет 302, 3 этаж', '30000000-0000-0000-0000-000000000006', '40000000-0000-0000-0000-000000000008', NOW(), NOW());

-- ============================================
-- 6. Software Installations (19 entries)
-- ============================================
-- Windows 11 on all active desktops/laptops (5)
INSERT INTO "software_installations" ("id", "hardware_id", "license_id", "installed_at", "status", "created_at", "updated_at") VALUES
('60000000-0000-0000-0000-000000000001', '40000000-0000-0000-0000-000000000001', '20000000-0000-0000-0000-000000000001', NOW(), 'active', NOW(), NOW()),
('60000000-0000-0000-0000-000000000002', '40000000-0000-0000-0000-000000000002', '20000000-0000-0000-0000-000000000001', NOW(), 'active', NOW(), NOW()),
('60000000-0000-0000-0000-000000000003', '40000000-0000-0000-0000-000000000003', '20000000-0000-0000-0000-000000000001', NOW(), 'active', NOW(), NOW()),
('60000000-0000-0000-0000-000000000004', '40000000-0000-0000-0000-000000000004', '20000000-0000-0000-0000-000000000001', NOW(), 'active', NOW(), NOW()),
('60000000-0000-0000-0000-000000000005', '40000000-0000-0000-0000-000000000006', '20000000-0000-0000-0000-000000000001', NOW(), 'active', NOW(), NOW()),
-- Microsoft 365 on office PCs (4)
('60000000-0000-0000-0000-000000000006', '40000000-0000-0000-0000-000000000001', '20000000-0000-0000-0000-000000000002', NOW(), 'active', NOW(), NOW()),
('60000000-0000-0000-0000-000000000007', '40000000-0000-0000-0000-000000000002', '20000000-0000-0000-0000-000000000002', NOW(), 'active', NOW(), NOW()),
('60000000-0000-0000-0000-000000000008', '40000000-0000-0000-0000-000000000003', '20000000-0000-0000-0000-000000000002', NOW(), 'active', NOW(), NOW()),
('60000000-0000-0000-0000-000000000009', '40000000-0000-0000-0000-000000000004', '20000000-0000-0000-0000-000000000002', NOW(), 'active', NOW(), NOW()),
-- VS Code on developer machines (3)
('60000000-0000-0000-0000-000000000010', '40000000-0000-0000-0000-000000000003', '20000000-0000-0000-0000-000000000003', NOW(), 'active', NOW(), NOW()),
('60000000-0000-0000-0000-000000000011', '40000000-0000-0000-0000-000000000004', '20000000-0000-0000-0000-000000000003', NOW(), 'active', NOW(), NOW()),
('60000000-0000-0000-0000-000000000012', '40000000-0000-0000-0000-000000000006', '20000000-0000-0000-0000-000000000003', NOW(), 'active', NOW(), NOW()),
-- Kaspersky on all active PCs (4)
('60000000-0000-0000-0000-000000000013', '40000000-0000-0000-0000-000000000001', '20000000-0000-0000-0000-000000000004', NOW(), 'active', NOW(), NOW()),
('60000000-0000-0000-0000-000000000014', '40000000-0000-0000-0000-000000000002', '20000000-0000-0000-0000-000000000004', NOW(), 'active', NOW(), NOW()),
('60000000-0000-0000-0000-000000000015', '40000000-0000-0000-0000-000000000003', '20000000-0000-0000-0000-000000000004', NOW(), 'active', NOW(), NOW()),
('60000000-0000-0000-0000-000000000016', '40000000-0000-0000-0000-000000000004', '20000000-0000-0000-0000-000000000004', NOW(), 'active', NOW(), NOW()),
-- Slack on office PCs (2)
('60000000-0000-0000-0000-000000000017', '40000000-0000-0000-0000-000000000002', '20000000-0000-0000-0000-000000000005', NOW(), 'active', NOW(), NOW()),
('60000000-0000-0000-0000-000000000018', '40000000-0000-0000-0000-000000000003', '20000000-0000-0000-0000-000000000005', NOW(), 'active', NOW(), NOW()),
-- Figma on designer''s MacBook (1)
('60000000-0000-0000-0000-000000000019', '40000000-0000-0000-0000-000000000004', '20000000-0000-0000-0000-000000000006', NOW(), 'active', NOW(), NOW());

-- ============================================
-- 7. Fault History Incidents (3 entries)
-- ============================================
INSERT INTO "fault_history_incidents" ("id", "hardware_id", "incident_description", "severity", "status", "reported_at", "resolved_at", "created_at", "updated_at") VALUES
('70000000-0000-0000-0000-000000000001', '40000000-0000-0000-0000-000000000005', 'Не работает клавиатура — залипание клавиш после попадания жидкости. Требуется замена клавиатурного блока.', 'high', 'in_progress', '2024-11-20', NULL, NOW(), NOW()),
('70000000-0000-0000-0000-000000000002', '40000000-0000-0000-0000-000000000007', 'Выход из строя жесткого диска — SMART-ошибки, риск потери данных. Диск заменён на SSD, оборудование переведено в хранение.', 'critical', 'resolved', '2024-08-15', '2024-09-01', NOW(), NOW()),
('70000000-0000-0000-0000-000000000003', '40000000-0000-0000-0000-000000000001', 'Периодическое зависание системы при интенсивной нагрузке. Возможная причина — недостаток оперативной памяти.', 'medium', 'open', '2024-12-01', NULL, NOW(), NOW());

-- ============================================
-- Verify counts
-- ============================================
SELECT 'software_catalog' as table_name, COUNT(*) as count FROM "software_catalog"
UNION ALL SELECT 'licenses', COUNT(*) FROM "licenses"
UNION ALL SELECT 'users', COUNT(*) FROM "users"
UNION ALL SELECT 'hardware_assets', COUNT(*) FROM "hardware_assets"
UNION ALL SELECT 'workplaces', COUNT(*) FROM "workplaces"
UNION ALL SELECT 'software_installations', COUNT(*) FROM "software_installations"
UNION ALL SELECT 'fault_history_incidents', COUNT(*) FROM "fault_history_incidents";